Workbook
Name ImpactOptions: Lists!$B$2:$B$6
Name LikelihoodOptions: Lists!$A$2:$A$6
Name POCOptions: Lists!$E$2:$E$11
Name StatusOptions: Lists!$D$2:$D$5
Name TreatmentOptions: Lists!$C$2:$C$5

Sheet Cover Page & Intro
A1: RISK REGISTER TEMPLATE
A3: Prepared By: Awine Akanlerige
A9: Title:
A10: Healthcare Risk Register
A12: Date:
A13: [Insert Date]
A15: Healthcare Risk Register Template
A17: Date: March 18, 2026
A19: This workbook is a healthcare-adapted risk register designed to document, assess, track, and monitor risks across patient care, privacy, cybersecurity, clinical operations, medical devices, and vendor-supported services.
A22: Use the workbook to capture risks, assign likelihood and impact, record owners, track remediation actions, and support compliance, quality, and operational reviews.
A25: Example healthcare scenarios covered in this version include EHR downtime, unauthorized access to patient records, medication safety issues, ransomware, specimen labeling errors, and medical device vulnerabilities.

Sheet Lists
A1: Likelihood | B1: Impact | C1: Treatment | D1: Status | E1: POC | G1: Likelihood | H1: Very Low | I1: Low | J1: Moderate | K1: Major | L1: Catastrophic
A2: Very Low | B2: Very Low | C2: Mitigate | D2: Open | E2: Health Informatics | G2: Very High | H2: Moderate | I2: Moderate | J2: High | K2: High | L2: Critical
A3: Low | B3: Low | C3: Transfer | D3: In Progress | E3: Privacy Office | G3: High | H3: Low | I3: Moderate | J3: Moderate | K3: High | L3: High
A4: Moderate | B4: Moderate | C4: Accept | D4: Monitoring | E4: Clinical Engineering | G4: Moderate | H4: Low | I4: Moderate | J4: Moderate | K4: Moderate | L4: High
A5: High | B5: Major | C5: Avoid | D5: Closed | E5: IT Security | G5: Low | H5: Low | I5: Low | J5: Moderate | K5: Moderate | L5: Moderate
A6: Very High | B6: Catastrophic | E6: Pharmacy | G6: Very Low | H6: Very Low | I6: Low | J6: Low | K6: Low | L6: Moderate
E7: Lab Manager
E8: Nursing Leadership
E9: Emergency Department Manager
E10: Quality & Patient Safety
E11: Facilities

Sheet Instructions
A1: INSTRUCTIONS FOR USE
A4: This template contains multiple sheets that support risk identification, scoring, treatment, and monitoring in healthcare environments.
A6: 1. Risk Register:
A7: This is the primary sheet for recording identified risks.
A8: Fields include: Risk ID, Risk Description, Control ID/Subcategory, Implemented Controls, Likelihood, Impact, Risk Rating, Remediation Recommendations, Risk Treatment, POC, key dates, status, and notes.
A9: Use this section to track risks related to patient safety, privacy, information systems, medical devices, staffing, and service delivery.
A10: Instructions:
A11: Enter one risk per row. Select Likelihood, Impact, Treatment, and Status from dropdown lists. Update records regularly as actions progress.
A13: 2. Threat Listing:
A14: This sheet provides healthcare-relevant examples of cybersecurity, privacy, operational, clinical, environmental, vendor, and regulatory threats.
A15: Use it as a reference when describing risks and considering possible consequences.
A17: 3. Risk Matrix Tool:
... A25: Review risks with clinical, privacy, IT, quality, and operations stakeholders; ensure patient harm, regulatory exposure, service continuity, and reputational impact are all considered.

Sheet Risk Register
A1: Risk ID | B1: Risk Description | C1: Control ID / Subcategory | D1: Implemented Controls | E1: Likelihood | F1: Impact | G1: Risk Rating | H1: Remediation Recommendations | I1: Risk Treatment | J1: POC | K1: Date Identified | L1: Scheduled Completion Date | M1: Actual Completion Date | N1: Status | O1: Notes
A2: HR-001 | B2: EHR downtime delays medication orders and clinical documentation | C2: IT-BCP / EHR Availability | D2: Downtime procedures, backup access plan, on-call infrastructure support | E2: High | F2: Major | G2: =IF(OR(E2="",F2=""),"",INDEX(Lists!$H$2:$L$6,MATCH(E2,Lists!$G$2:$G$6,0),MATCH(F2,Lists!$H$1:$L$1,0))) -> High | H2: Test downtime workflow quarterly; strengthen failover monitoring and clinician communication | I2: Mitigate | J2: Health Informatics | K2: 45734 | L2: 46203 | N2: Open | O2: Priority risk for inpatient and ED workflows.
A3: HR-002 | B3: Unauthorized access to patient records / PHI | C3: PRIV-ACC / Access Control | D3: Role-based access, MFA, audit logs, privacy training | E3: Moderate | F3: Major | G3: =IF(OR(E3="",F3=""),"",INDEX(Lists!$H$2:$L$6,MATCH(E3,Lists!$G$2:$G$6,0),MATCH(F3,Lists!$H$1:$L$1,0))) -> Moderate | H3: Tighten access reviews, monitor anomalous access, refresh minimum-necessary guidance | I3: Mitigate | J3: Privacy Office | K3: 45734 | L3: 46173 | N3: In Progress | O3: Consider privileged-access reviews and break-glass oversight.
A4: HR-003 | B4: Barcode medication administration failure increases medication error risk | C4: MEDSAFE / Medication Administration | D4: Manual double-check workflow, nursing escalation pathway, device support | E4: Moderate | F4: Catastrophic | G4: =IF(OR(E4="",F4=""),"",INDEX(Lists!$H$2:$L$6,MATCH(E4,Lists!$G$2:$G$6,0),MATCH(F4,Lists!$H$1:$L$1,0))) -> High | H4: Improve scanner maintenance, add downtime checklist, review incident trends | I4: Mitigate | J4: Pharmacy | K4: 45734 | L4: 46157 | N4: Open | O4: Link to quality and patient safety review.
A5: HR-004 | B5: Ransomware disrupts clinical systems and scheduling | C5: SEC-IR / Cybersecurity Incident Response | D5: EDR, segmented network, backups, phishing training, incident response plan | E5: High | F5: Catastrophic | G5: =IF(OR(E5="",F5=""),"",INDEX(Lists!$H$2:$L$6,MATCH(E5,Lists!$G$2:$G$6,0),MATCH(F5,Lists!$H$1:$L$1,0))) -> High | H5: Run tabletop exercise, validate restore times, harden remote access controls | I5: Mitigate | J5: IT Security | K5: 45734 | L5: 46234 | N5: Open | O5: High operational and reputational impact.
A6: HR-005 | B6: Third-party vendor integration exposes patient data through misconfigured sharing | C6: VEND-DATA / Vendor Management | D6: Contract review, security questionnaire, access approvals, BA/PHIPA clauses | E6: Moderate | F6: Major | G6: =IF(OR(E6="",F6=""),"",INDEX(Lists!$H$2:$L$6,MATCH(E6,Lists!$G$2:$G$6,0),MATCH(F6,Lists!$H$1:$L$1,0))) -> Moderate | H6: Formalize vendor privacy review checklist and monitor data-sharing permissions | I6: Transfer | J6: Privacy Office | K6: 45734 | L6: 46188 | N6: Monitoring | O6: Applies to digital health and analytics vendors.
A7: HR-006 | B7: Specimen labeling mismatch leads to incorrect lab result attribution | C7: LAB-QA / Diagnostic Safety | D7: Two-identifier policy, barcode labels, lab rejection process | E7: Low | F7: Major | G7: =IF(OR(E7="",F7=""),"",INDEX(Lists!$H$2:$L$6,MATCH(E7,Lists!$G$2:$G$6,0),MATCH(F7,Lists!$H$1:$L$1,0))) -> Moderate | H7: Audit labeling compliance and refresh specimen collection training | I7: Mitigate | J7: Lab Manager | K7: 46099 | L7: 46142 | N7: In Progress | O7: Track near misses and rejected samples.
A8: HR-007 | B8: Connected medical device vulnerability affects availability or integrity | C8: BIO-MED / Device Security | D8: Asset inventory, patch coordination, network segmentation | E8: Moderate | F8: Major | G8: =IF(OR(E8="",F8=""),"",INDEX(Lists!$H$2:$L$6,MATCH(E8,Lists!$G$2:$G$6,0),MATCH(F8,Lists!$H$1:$L$1,0))) -> Moderate | H8: Perform device risk review; coordinate with vendor on patching and compensating controls | I8: Mitigate | J8: Clinical Engineering | K8: 46099 | L8: 46265 | N8: Open | O8: Includes infusion pumps and bedside monitoring devices.
A9: HR-008 | B9: Staff shortage or surge volumes delay triage and care escalation | C9: OPS-WF / Workforce Capacity | D9: Escalation policy, float staffing, surge protocols | E9: High | F9: Major | G9: =IF(OR(E9="",F9=""),"",INDEX(Lists!$H$2:$L$6,MATCH(E9,Lists!$G$2:$G$6,0),MATCH(F9,Lists!$H$1:$L$1,0))) -> High | H9: Review staffing triggers and escalation thresholds; update surge response plan | I9: Accept | J9: Nursing Leadership | K9: 46099 | L9: 46173 | N9: Monitoring | O9: Operational risk with direct patient access implications.
G10: =IF(OR(E10="",F10=""),"",INDEX(Lists!$H$2:$L$6,MATCH(E10,Lists!$G$2:$G$6,0),MATCH(F10,Lists!$H$1:$L$1,0)))
G11: =IF(OR(E11="",F11=""),"",INDEX(Lists!$H$2:$L$6,MATCH(E11,Lists!$G$2:$G$6,0),MATCH(F11,Lists!$H$1:$L$1,0)))
G12: =IF(OR(E12="",F12=""),"",INDEX(Lists!$H$2:$L$6,MATCH(E12,Lists!$G$2:$G$6,0),MATCH(F12,Lists!$H$1:$L$1,0)))
G13: =IF(OR(E13="",F13=""),"",INDEX(Lists!$H$2:$L$6,MATCH(E13,Lists!$G$2:$G$6,0),MATCH(F13,Lists!$H$1:$L$1,0)))
G14: =IF(OR(E14="",F14=""),"",INDEX(Lists!$H$2:$L$6,MATCH(E14,Lists!$G$2:$G$6,0),MATCH(F14,Lists!$H$1:$L$1,0)))
G15: =IF(OR(E15="",F15=""),"",INDEX(Lists!$H$2:$L$6,MATCH(E15,Lists!$G$2:$G$6,0),MATCH(F15,Lists!$H$1:$L$1,0)))
G16: =IF(OR(E16="",F16=""),"",INDEX(Lists!$H$2:$L$6,MATCH(E16,Lists!$G$2:$G$6,0),MATCH(F16,Lists!$H$1:$L$1,0)))
G17: =IF(OR(E17="",F17=""),"",INDEX(Lists!$H$2:$L$6,MATCH(E17,Lists!$G$2:$G$6,0),MATCH(F17,Lists!$H$1:$L$1,0)))
G18: =IF(OR(E18="",F18=""),"",INDEX(Lists!$H$2:$L$6,MATCH(E18,Lists!$G$2:$G$6,0),MATCH(F18,Lists!$H$1:$L$1,0)))
G19: =IF(OR(E19="",F19=""),"",INDEX(Lists!$H$2:$L$6,MATCH(E19,Lists!$G$2:$G$6,0),MATCH(F19,Lists!$H$1:$L$1,0)))
G20: =IF(OR(E20="",F20=""),"",INDEX(Lists!$H$2:$L$6,MATCH(E20,Lists!$G$2:$G$6,0),MATCH(F20,Lists!$H$1:$L$1,0)))
G21: =IF(OR(E21="",F21=""),"",INDEX(Lists!$H$2:$L$6,MATCH(E21,Lists!$G$2:$G$6,0),MATCH(F21,Lists!$H$1:$L$1,0)))
... G60: =IF(OR(E60="",F60=""),"",INDEX(Lists!$H$2:$L$6,MATCH(E60,Lists!$G$2:$G$6,0),MATCH(F60,Lists!$H$1:$L$1,0)))

Sheet Threat Listing
A1: Threat Listing The table below provides healthcare-relevant threat examples to consider when evaluating risk to patient care, privacy, clinical operations, and supporting technologies.
A5: Threat Source | B5: Threat | C5: Description | D5: Consequences
A6: Cybersecurity | B6: Ransomware | C6: Malware encrypts clinical or administrative systems and disrupts access. | D6: Delayed care, cancelled appointments, downtime procedures, potential privacy incident.
A7: Cybersecurity | B7: Phishing / credential theft | C7: User credentials are compromised through social engineering. | D7: Unauthorized access, account misuse, potential PHI disclosure.
A8: Privacy | B8: Unauthorized record access | C8: A workforce member or third party accesses PHI without a valid need. | D8: Privacy breach, legal exposure, reputational harm, loss of patient trust.
A9: Privacy | B9: Misconfigured data sharing | C9: Interfaces, shared drives, or vendor settings expose patient data. | D9: Disclosure of PHI, regulatory reporting, contract and reputational risk.
A10: Clinical Process | B10: Medication administration error | C10: Failure in barcode scanning, ordering, transcription, or verification. | D10: Patient harm, adverse drug events, quality/safety review.
A11: Clinical Process | B11: Specimen labeling mismatch | C11: Samples are mislabeled or linked to the wrong patient. | D11: Incorrect results, treatment delays, repeat collection, patient safety event.
A12: Medical Device | B12: Connected device vulnerability | C12: A device cannot be patched promptly or contains exploitable weaknesses. | D12: Device unavailability, integrity concerns, clinical workflow disruption.
A13: Operational | B13: EHR downtime | C13: Core documentation, ordering, or results systems become unavailable. | D13: Manual workarounds, delayed care, reduced situational awareness.
A14: Operational | B14: Staff shortage / surge capacity failure | C14: Workforce shortages or demand surges reduce safe coverage. | D14: Delayed triage, wait times, quality issues, staff burnout.
A15: Vendor / Third Party | B15: Vendor outage or delayed support | C15: A third-party platform or service becomes unavailable. | D15: Scheduling disruption, delayed reporting, workflow bottlenecks.
A16: Legal / Regulatory | B16: Policy breach / non-compliance | C16: Required controls, privacy practices, or documentation are not followed. | D16: Audit findings, remediation burden, possible fines or sanctions.
... A19: Managerial | B19: Incomplete documentation | C19: Policies, procedures, or recovery documentation are missing or outdated. | D19: Inconsistent response, governance gaps, prolonged recovery times.

Sheet Risk Matrix Tool
A1: LIKELIHOOD & IMPACT DETERMINATION Values below are provided with healthcare-focused explanations to help assess the probability and consequence of risk events. | F1: RISK CALCULATION The matrix below translates likelihood and impact into a qualitative rating.
A5: Likelihood of Threat Event | F5: Qualitative Risk Matrix
A6: Qualitative Value | B6: Suggested interpretation | C6: Healthcare example | G6: Impact
A7: Very High | B7: Expected frequently or under current conditions | C7: Common control failure, repeated phishing, or known recurring outage pattern. | G7: Very Low | H7: Low | I7: Moderate | J7: Major | K7: Catastrophic
A8: High | B8: Likely to occur in the normal operating environment | C8: A realistic event seen periodically across departments or vendors. | F8: Very High | G8: Moderate | H8: Moderate | I8: High | J8: High | K8: Critical
A9: Moderate | B9: Possible and plausible but not frequent | C9: A meaningful risk with some controls in place but clear residual exposure. | F9: High | G9: Low | H9: Moderate | I9: Moderate | J9: High | K9: High
A10: Low | B10: Unlikely but still credible | C10: Would usually require multiple failures or unusual circumstances. | F10: Moderate | G10: Low | H10: Moderate | I10: Moderate | J10: Moderate | K10: High
A11: Very Low | B11: Rare under current controls | C11: Possible in theory, but strongly constrained by current safeguards. | F11: Low | G11: Low | H11: Low | I11: Moderate | J11: Moderate | K11: Moderate
F12: Very Low | G12: Very Low | H12: Low | I12: Low | J12: Low | K12: Moderate
A13: Impact of Threat Events
A14: Qualitative Value | B14: Suggested interpretation | C14: Healthcare example
A15: Catastrophic | B15: Severe patient, operational, legal, or organizational harm | C15: Potential death or severe harm, system-wide failure, or major reportable privacy event.
A16: Major | B16: Serious adverse effect on care or operations | C16: Significant service disruption, major financial loss, or material breach requiring escalation.
A17: Moderate | B17: Noticeable degradation or localized harm | C17: Unit-level delays, repeat work, moderate safety/privacy exposure, or urgent remediation.
A18: Low | B18: Limited effect with manageable disruption | C18: Minor workflow issue, quickly contained event, or near miss with limited consequences.
A19: Very Low | B19: Negligible effect | C19: Minimal operational impact and little to no patient or privacy consequence.
